shrimp,almonds,avocado,vegetables mix,green grapes,whole weat flour,yams,cottage cheese,energy drink,tomato juice,low fat yogurt,green tea,honey,salad,mineral water,salmon,antioxydant juice,frozen smoothie,spinach,olive oil
burgers,meatballs,eggs,,,,,,,,,,,,,,,,,
chutney,,,,,,,,,,,,,,,,,,,
turkey,avocado,,,,,,,,,,,,,,,,,,
mineral water,milk,energy bar,whole wheat rice,green tea,,,,,,,,,,,,,,,
low fat yogurt,,,,,,,,,,,,,,,,,,,
whole wheat pasta,french fries,,,,,,,,,,,,,,,,,,
soup,light cream,shallot,,,,,,,,,,,,,,,,,
frozen vegetables,spaghetti,green tea,,,,,,,,,,,,,,,,,
french fries,,,,,,,,,,,,,,,,,,,
eggs,pet food,,,,,,,,,,,,,,,,,,
cookies,,,,,,,,,,,,,,,,,,,
turkey,burgers,mineral water,eggs,cooking oil,,,,,,,,,,,,,,,
spaghetti,champagne,cookies,,,,,,,,,,,,,,,,,
mineral water,salmon,,,,,,,,,,,,,,,,,,
mineral water,,,,,,,,,,,,,,,,,,,
shrimp,chocolate,chicken,honey,oil,cooking oil,low fat yogurt,,,,,,,,,,,,,
turkey,eggs,,,,,,,,,,,,,,,,,,
turkey,fresh tuna,tomatoes,spaghetti,mineral water,black tea,salmon,eggs,chicken,extra dark chocolate,,,,,,,,,,
meatballs,milk,honey,french fries,protein bar,,,,,,,,,,,,,,,
red wine,shrimp,pasta,pepper,eggs,chocolate,shampoo,,,,,,,,,,,,,
rice,sparkling water,,,,,,,,,,,,,,,,,,
spaghetti,mineral water,ham,body spray,pancakes,green tea,,,,,,,,,,,,,,
burgers,grated cheese,shrimp,pasta,avocado,honey,white wine,toothpaste,,,,,,,,,,,,
eggs,,,,,,,,,,,,,,,,,,,
parmesan cheese,spaghetti,soup,avocado,milk,fresh bread,,,,,,,,,,,,,,
ground beef,spaghetti,mineral water,milk,energy bar,black tea,salmon,frozen smoothie,escalope,,,,,,,,,,,
sparkling water,,,,,,,,,,,,,,,,,,,
mineral water,eggs,chicken,chocolate,french fries,,,,,,,,,,,,,,,
frozen vegetables,spaghetti,yams,mineral water,,,,,,,,,,,,,,,,
herb & pepper,tomato sauce,light cream,magazines,,,,,,,,,,,,,,,,
mineral water,chocolate,avocado,eggs,,,,,,,,,,,,,,,,
turkey,french fries,strawberries,,,,,,,,,,,,,,,,,
frozen vegetables,strong cheese,chocolate,,,,,,,,,,,,,,,,,
cookies,,,,,,,,,,,,,,,,,,,
pickles,spaghetti,salmon,escalope,,,,,,,,,,,,,,,,
energy bar,french fries,,,,,,,,,,,,,,,,,,
red wine,ground beef,mineral water,,,,,,,,,,,,,,,,,
mineral water,cake,cottage cheese,,,,,,,,,,,,,,,,,
pickles,champagne,green tea,,,,,,,,,,,,,,,,,
spaghetti,,,,,,,,,,,,,,,,,,,
fresh tuna,frozen vegetables,spaghetti,mineral water,honey,whole wheat rice,frozen smoothie,escalope,,,,,,,,,,,,
spaghetti,,,,,,,,,,,,,,,,,,,
soup,meatballs,hot dogs,sparkling water,,,,,,,,,,,,,,,,
escalope,,,,,,,,,,,,,,,,,,,
soup,avocado,french fries,hot dogs,brownies,body spray,pancakes,green tea,,,,,,,,,,,,
mineral water,chicken,cereals,clothes accessories,,,,,,,,,,,,,,,,
mineral water,bug spray,,,,,,,,,,,,,,,,,,
avocado,muffins,,,,,,,,,,,,,,,,,,
burgers,black tea,green tea,,,,,,,,,,,,,,,,,
spaghetti,chocolate,brownies,white wine,green tea,,,,,,,,,,,,,,,
fresh tuna,mineral water,eggs,,,,,,,,,,,,,,,,,
spaghetti,muffins,,,,,,,,,,,,,,,,,,
spaghetti,chocolate,,,,,,,,,,,,,,,,,,
french fries,escalope,champagne,,,,,,,,,,,,,,,,,
tomato sauce,light mayo,,,,,,,,,,,,,,,,,,
turkey,fresh tuna,frozen vegetables,tomatoes,ground beef,spaghetti,mineral water,chocolate,soup,milk,olive oil,,,,,,,,,
eggs,cookies,,,,,,,,,,,,,,,,,,
soup,chicken,gums,soda,body spray,energy drink,green tea,,,,,,,,,,,,,
turkey,frozen vegetables,mineral water,cider,cooking oil,green tea,,,,,,,,,,,,,,
spaghetti,,,,,,,,,,,,,,,,,,,
clothes accessories,,,,,,,,,,,,,,,,,,,
energy drink,,,,,,,,,,,,,,,,,,,
soup,bug spray,shallot,protein bar,green tea,,,,,,,,,,,,,,,
turkey,eggs,,,,,,,,,,,,,,,,,,
french fries,,,,,,,,,,,,,,,,,,,
chocolate,milk,,,,,,,,,,,,,,,,,,
herb & pepper,whole wheat pasta,ground beef,mineral water,avocado,cider,whole wheat rice,,,,,,,,,,,,,
cookies,,,,,,,,,,,,,,,,,,,
shrimp,pasta,,,,,,,,,,,,,,,,,,
grated cheese,herb & pepper,tomatoes,tomato sauce,corn,,,,,,,,,,,,,,,
burgers,escalope,shallot,,,,,,,,,,,,,,,,,
cookies,,,,,,,,,,,,,,,,,,,
yogurt cake,,,,,,,,,,,,,,,,,,,
soup,eggs,,,,,,,,,,,,,,,,,,
cookies,,,,,,,,,,,,,,,,,,,
mineral water,chocolate,low fat yogurt,,,,,,,,,,,,,,,,,
eggs,strawberries,,,,,,,,,,,,,,,,,,
grated cheese,ground beef,spaghetti,mineral water,white wine,,,,,,,,,,,,,,,
mint,,,,,,,,,,,,,,,,,,,
eggs,cake,french fries,,,,,,,,,,,,,,,,,
burgers,spaghetti,milk,french fries,green tea,,,,,,,,,,,,,,,
mineral water,energy bar,butter,french fries,,,,,,,,,,,,,,,,
burgers,grated cheese,herb & pepper,mineral water,eggs,cooking oil,,,,,,,,,,,,,,
energy bar,,,,,,,,,,,,,,,,,,,
energy bar,energy drink,,,,,,,,,,,,,,,,,,
chocolate,frozen smoothie,,,,,,,,,,,,,,,,,,
low fat yogurt,,,,,,,,,,,,,,,,,,,
asparagus,salad,,,,,,,,,,,,,,,,,,
burgers,french fries,low fat yogurt,green tea,,,,,,,,,,,,,,,,
low fat yogurt,,,,,,,,,,,,,,,,,,,
burgers,herb & pepper,shrimp,pasta,spaghetti,mineral water,meatballs,olive oil,energy bar,french wine,eggs,salt,,,,,,,,
champagne,low fat yogurt,,,,,,,,,,,,,,,,,,
champagne,,,,,,,,,,,,,,,,,,,
burgers,almonds,eggs,french fries,cookies,green tea,,,,,,,,,,,,,,
ham,soup,escalope,body spray,,,,,,,,,,,,,,,,
turkey,ham,frozen vegetables,pepper,oil,extra dark chocolate,tea,magazines,,,,,,,,,,,,
muffins,eggs,cookies,,,,,,,,,,,,,,,,,
cookies,,,,,,,,,,,,,,,,,,,
frozen vegetables,whole wheat pasta,ground beef,spaghetti,chocolate,green tea,,,,,,,,,,,,,,
mineral water,barbecue sauce,chocolate,,,,,,,,,,,,,,,,,
burgers,herb & pepper,energy bar,almonds,eggs,corn,mayonnaise,zucchini,,,,,,,,,,,,
turkey,burgers,ground beef,chocolate,soup,almonds,eggs,hot dogs,cottage cheese,,,,,,,,,,,
ham,spaghetti,chocolate,eggs,,,,,,,,,,,,,,,,
ground beef,energy bar,pet food,carrots,protein bar,,,,,,,,,,,,,,,
ground beef,tomato sauce,spaghetti,mineral water,almonds,eggs,,,,,,,,,,,,,,
mineral water,olive oil,gums,cooking oil,,,,,,,,,,,,,,,,
shrimp,pasta,mineral water,soup,avocado,milk,olive oil,green grapes,eggs,bug spray,,,,,,,,,,
shrimp,pasta,soup,cake,cooking oil,chicken,light mayo,low fat yogurt,,,,,,,,,,,,
spaghetti,mineral water,chocolate,french fries,champagne,escalope,mushroom cream sauce,fresh bread,,,,,,,,,,,,
shrimp,pasta,mineral water,eggs,,,,,,,,,,,,,,,,
burgers,oil,tomato juice,fresh bread,,,,,,,,,,,,,,,,
french wine,eggs,chocolate,low fat yogurt,,,,,,,,,,,,,,,,
chicken,eggs,french fries,pancakes,,,,,,,,,,,,,,,,
turkey,herb & pepper,salmon,white wine,candy bars,,,,,,,,,,,,,,,
grated cheese,spaghetti,olive oil,eggs,french fries,green tea,,,,,,,,,,,,,,
mineral water,energy bar,,,,,,,,,,,,,,,,,,
eggs,french fries,,,,,,,,,,,,,,,,,,
burgers,tomatoes,mineral water,soup,milk,almonds,eggs,chocolate,tomato juice,,,,,,,,,,,
muffins,,,,,,,,,,,,,,,,,,,
pasta,,,,,,,,,,,,,,,,,,,
tomatoes,spaghetti,frozen smoothie,,,,,,,,,,,,,,,,,
ground beef,spaghetti,milk,,,,,,,,,,,,,,,,,
french fries,,,,,,,,,,,,,,,,,,,
chocolate,milk,,,,,,,,,,,,,,,,,,
burgers,shrimp,pasta,frozen vegetables,spaghetti,mineral water,milk,eggs,chocolate,french fries,pancakes,low fat yogurt,,,,,,,,
ground beef,mineral water,antioxydant juice,protein bar,,,,,,,,,,,,,,,,
grated cheese,whole wheat pasta,ground beef,spaghetti,cake,energy drink,,,,,,,,,,,,,,
grated cheese,,,,,,,,,,,,,,,,,,,
pancakes,,,,,,,,,,,,,,,,,,,
frozen smoothie,,,,,,,,,,,,,,,,,,,
carrots,green tea,,,,,,,,,,,,,,,,,,
chocolate,,,,,,,,,,,,,,,,,,,
turkey,burgers,chocolate,olive oil,eggs,cooking oil,corn,,,,,,,,,,,,,
frozen vegetables,tomatoes,pepper,spaghetti,mineral water,pancakes,chicken,chili,tea,french fries,tomato juice,fresh bread,,,,,,,,
cookies,,,,,,,,,,,,,,,,,,,
ground beef,,,,,,,,,,,,,,,,,,,
turkey,eggs,chocolate,frozen smoothie,tomato juice,,,,,,,,,,,,,,,
frozen vegetables,cooking oil,mashed potato,,,,,,,,,,,,,,,,,
frozen vegetables,ground beef,tomato sauce,mineral water,meatballs,olive oil,light cream,tomato juice,,,,,,,,,,,,
red wine,spaghetti,mineral water,soup,milk,eggs,cake,gums,cooking oil,chocolate,frozen smoothie,,,,,,,,,
chocolate,tomatoes,spaghetti,mineral water,avocado,milk,olive oil,eggs,rice,french fries,brownies,,,,,,,,,
chocolate,shrimp,pasta,frozen vegetables,ground beef,mineral water,nonfat milk,eggs,,,,,,,,,,,,
turkey,shrimp,pasta,pepper,spaghetti,mineral water,eggs,chicken,french fries,,,,,,,,,,,
cookies,,,,,,,,,,,,,,,,,,,
turkey,tomatoes,cake,,,,,,,,,,,,,,,,,
yams,mineral water,soup,milk,pancakes,whole wheat rice,barbecue sauce,carrots,chocolate,champagne,,,,,,,,,,
rice,,,,,,,,,,,,,,,,,,,
chocolate,milk,,,,,,,,,,,,,,,,,,
shrimp,pasta,frozen vegetables,water spray,,,,,,,,,,,,,,,,
burgers,mineral water,milk,eggs,whole wheat rice,mint,,,,,,,,,,,,,,
mineral water,vegetables mix,cake,frozen smoothie,brownies,,,,,,,,,,,,,,,
cookies,,,,,,,,,,,,,,,,,,,
shrimp,pasta,chicken,chocolate bread,,,,,,,,,,,,,,,,
shallot,,,,,,,,,,,,,,,,,,,
shrimp,pasta,spaghetti,eggs,hot dogs,green tea,,,,,,,,,,,,,,
burgers,,,,,,,,,,,,,,,,,,,
red wine,ground beef,spaghetti,mineral water,milk,olive oil,strong cheese,light cream,cooking oil,,,,,,,,,,,
burgers,grated cheese,spaghetti,avocado,milk,oil,french fries,,,,,,,,,,,,,
herb & pepper,whole wheat pasta,ground beef,mineral water,olive oil,,,,,,,,,,,,,,,
shrimp,pasta,yams,milk,chocolate,,,,,,,,,,,,,,,
butter,green tea,,,,,,,,,,,,,,,,,,
light mayo,,,,,,,,,,,,,,,,,,,
low fat yogurt,,,,,,,,,,,,,,,,,,,
herb & pepper,shrimp,pasta,spaghetti,milk,,,,,,,,,,,,,,,
burgers,eggs,,,,,,,,,,,,,,,,,,
turkey,herb & pepper,ground beef,soup,avocado,milk,black tea,eggs,barbecue sauce,carrots,cookies,tomato juice,fresh bread,,,,,,,
cookies,,,,,,,,,,,,,,,,,,,
escalope,,,,,,,,,,,,,,,,,,,
pepper,french fries,strawberries,pancakes,low fat yogurt,,,,,,,,,,,,,,,
frozen vegetables,yams,chicken,honey,light mayo,,,,,,,,,,,,,,,
chocolate,champagne,,,,,,,,,,,,,,,,,,
herb & pepper,honey,cake,rice,protein bar,,,,,,,,,,,,,,,
burgers,chocolate,frozen vegetables,ground beef,mineral water,milk,light mayo,asparagus,,,,,,,,,,,,
chocolate,mineral water,corn,cottage cheese,green tea,,,,,,,,,,,,,,,
muffins,,,,,,,,,,,,,,,,,,,
ham,french wine,escalope,,,,,,,,,,,,,,,,,
spaghetti,milk,whole wheat rice,mint green tea,,,,,,,,,,,,,,,,
chocolate,body spray,,,,,,,,,,,,,,,,,,
frozen vegetables,french fries,hot dogs,,,,,,,,,,,,,,,,,
candy bars,,,,,,,,,,,,,,,,,,,
burgers,shrimp,pasta,milk,green tea,french fries,cookies,white wine,,,,,,,,,,,,
parmesan cheese,ground beef,,,,,,,,,,,,,,,,,,
pancakes,whole wheat rice,candy bars,,,,,,,,,,,,,,,,,
eggs,eggplant,cookies,,,,,,,,,,,,,,,,,
frozen vegetables,mineral water,,,,,,,,,,,,,,,,,,
chocolate,,,,,,,,,,,,,,,,,,,
turkey,spaghetti,milk,whole wheat rice,chocolate,,,,,,,,,,,,,,,
whole wheat pasta,ground beef,spaghetti,soup,meatballs,chicken,blueberries,cooking oil,champagne,yogurt cake,protein bar,,,,,,,,,
cooking oil,tomato juice,,,,,,,,,,,,,,,,,,
frozen vegetables,milk,eggs,french fries,green tea,,,,,,,,,,,,,,,
fresh tuna,spaghetti,olive oil,french wine,eggs,french fries,champagne,pancakes,light mayo,,,,,,,,,,,
red wine,honey,hot dogs,,,,,,,,,,,,,,,,,
milk,bacon,eggs,french fries,fresh bread,,,,,,,,,,,,,,,
french fries,yogurt cake,,,,,,,,,,,,,,,,,,
milk,,,,,,,,,,,,,,,,,,,
french fries,,,,,,,,,,,,,,,,,,,
chocolate,,,,,,,,,,,,,,,,,,,
burgers,ham,red wine,,,,,,,,,,,,,,,,,
shrimp,pasta,tomatoes,energy bar,french wine,antioxydant juice,french fries,frozen smoothie,brownies,,,,,,,,,,,
green tea,,,,,,,,,,,,,,,,,,,
low fat yogurt,,,,,,,,,,,,,,,,,,,
turkey,spaghetti,mineral water,soup,spinach,soda,energy drink,salt,,,,,,,,,,,,
turkey,eggs,,,,,,,,,,,,,,,,,,
bug spray,hot dogs,,,,,,,,,,,,,,,,,,
oil,,,,,,,,,,,,,,,,,,,
soup,energy bar,chicken,eggs,cake,french fries,body spray,strawberries,,,,,,,,,,,,
spaghetti,chocolate,yogurt cake,,,,,,,,,,,,,,,,,
turkey,mineral water,meatballs,,,,,,,,,,,,,,,,,
ground beef,mineral water,chocolate,fromage blanc,bacon,hot dogs,,,,,,,,,,,,,,
frozen vegetables,mineral water,vegetables mix,escalope,,,,,,,,,,,,,,,,
herb & pepper,red wine,tomatoes,,,,,,,,,,,,,,,,,
whole wheat pasta,olive oil,cereals,brownies,green tea,,,,,,,,,,,,,,,
cookies,,,,,,,,,,,,,,,,,,,
olive oil,cookies,mushroom cream sauce,,,,,,,,,,,,,,,,,
ground beef,pancakes,cooking oil,gluten free bar,light mayo,,,,,,,,,,,,,,,
mineral water,french fries,,,,,,,,,,,,,,,,,,
herb & pepper,,,,,,,,,,,,,,,,,,,
salmon,,,,,,,,,,,,,,,,,,,
eggs,escalope,,,,,,,,,,,,,,,,,,
mineral water,tomato juice,,,,,,,,,,,,,,,,,,
mineral water,,,,,,,,,,,,,,,,,,,
shrimp,mineral water,soup,black tea,,,,,,,,,,,,,,,,
cake,frozen smoothie,,,,,,,,,,,,,,,,,,
turkey,burgers,grated cheese,tomatoes,chocolate,fromage blanc,honey,whole wheat rice,,,,,,,,,,,,
frozen vegetables,ground beef,mineral water,olive oil,pancakes,,,,,,,,,,,,,,,
turkey,burgers,ground beef,milk,olive oil,cake,fresh bread,,,,,,,,,,,,,
whole wheat pasta,ground beef,spaghetti,yams,mineral water,soup,chutney,cereals,energy drink,protein bar,,,,,,,,,,
eggs,whole wheat rice,cake,green tea,escalope,,,,,,,,,,,,,,,
ground beef,yams,soup,avocado,salmon,green tea,,,,,,,,,,,,,,
milk,,,,,,,,,,,,,,,,,,,
spaghetti,chocolate,,,,,,,,,,,,,,,,,,
whole wheat pasta,honey,,,,,,,,,,,,,,,,,,
whole wheat pasta,green tea,,,,,,,,,,,,,,,,,,
spaghetti,meatballs,vegetables mix,chocolate,,,,,,,,,,,,,,,,
eggs,low fat yogurt,,,,,,,,,,,,,,,,,,
fresh tuna,shrimp,pasta,mineral water,olive oil,eggs,cake,brownies,tomato juice,,,,,,,,,,,
mineral water,green grapes,hot dogs,fresh bread,,,,,,,,,,,,,,,,
frozen vegetables,meatballs,eggs,chocolate,,,,,,,,,,,,,,,,
chocolate,,,,,,,,,,,,,,,,,,,
meatballs,milk,,,,,,,,,,,,,,,,,,
low fat yogurt,,,,,,,,,,,,,,,,,,,
green tea,,,,,,,,,,,,,,,,,,,
escalope,pasta,,,,,,,,,,,,,,,,,,
pepper,chocolate,olive oil,french wine,salmon,rice,light mayo,fresh bread,magazines,,,,,,,,,,,
red wine,french wine,vegetables mix,rice,clothes accessories,hot dogs,green tea,,,,,,,,,,,,,
burgers,dessert wine,spaghetti,chicken,cake,protein bar,green tea,,,,,,,,,,,,,
french wine,cake,fresh bread,,,,,,,,,,,,,,,,,
burgers,frozen vegetables,flax seed,eggs,,,,,,,,,,,,,,,,
red wine,,,,,,,,,,,,,,,,,,,
pepper,mineral water,energy bar,green grapes,,,,,,,,,,,,,,,,
milk,eggs,cake,chocolate,french fries,green tea,,,,,,,,,,,,,,
french fries,,,,,,,,,,,,,,,,,,,
almonds,,,,,,,,,,,,,,,,,,,
burgers,mineral water,green tea,,,,,,,,,,,,,,,,,
milk,pancakes,,,,,,,,,,,,,,,,,,
pancakes,eggs,salt,tomato juice,,,,,,,,,,,,,,,,
mineral water,,,,,,,,,,,,,,,,,,,
ham,spaghetti,mineral water,olive oil,,,,,,,,,,,,,,,,
salt,tomato juice,fresh bread,,,,,,,,,,,,,,,,,
spaghetti,mushroom cream sauce,,,,,,,,,,,,,,,,,,
spaghetti,mineral water,eggs,pet food,,,,,,,,,,,,,,,,
frozen vegetables,spaghetti,,,,,,,,,,,,,,,,,,
energy drink,,,,,,,,,,,,,,,,,,,
muffins,,,,,,,,,,,,,,,,,,,
turkey,milk,,,,,,,,,,,,,,,,,,
cookies,,,,,,,,,,,,,,,,,,,
chocolate,,,,,,,,,,,,,,,,,,,
spaghetti,mineral water,eggs,cooking oil,chocolate,escalope,,,,,,,,,,,,,,
shrimp,frozen vegetables,pepper,spaghetti,green tea,,,,,,,,,,,,,,,
burgers,fresh tuna,red wine,mineral water,french fries,hand protein bar,low fat yogurt,,,,,,,,,,,,,
pancakes,eggs,energy drink,fresh bread,,,,,,,,,,,,,,,,
strong cheese,salmon,green tea,french fries,frozen smoothie,hot dogs,,,,,,,,,,,,,,
grated cheese,shrimp,pasta,tomatoes,milk,frozen smoothie,sandwich,,,,,,,,,,,,,
herb & pepper,whole wheat pasta,olive oil,pancakes,eggs,,,,,,,,,,,,,,,
spaghetti,antioxydant juice,,,,,,,,,,,,,,,,,,
chocolate,milk,almonds,eggs,strawberries,white wine,,,,,,,,,,,,,,
french fries,strawberries,,,,,,,,,,,,,,,,,,
mineral water,,,,,,,,,,,,,,,,,,,
eggs,,,,,,,,,,,,,,,,,,,
escalope,,,,,,,,,,,,,,,,,,,
cake,,,,,,,,,,,,,,,,,,,
whole wheat pasta,antioxydant juice,body spray,green tea,,,,,,,,,,,,,,,,
mineral water,oil,frozen smoothie,,,,,,,,,,,,,,,,,
french fries,champagne,,,,,,,,,,,,,,,,,,
chocolate,french fries,,,,,,,,,,,,,,,,,,
frozen vegetables,spaghetti,eggs,,,,,,,,,,,,,,,,,
hot dogs,,,,,,,,,,,,,,,,,,,
chocolate,cookies,,,,,,,,,,,,,,,,,,
pancakes,,,,,,,,,,,,,,,,,,,
shrimp,butter,chicken,salmon,,,,,,,,,,,,,,,,
chocolate,cookies,babies food,,,,,,,,,,,,,,,,,
pepper,spaghetti,cake,chocolate,french fries,fresh bread,,,,,,,,,,,,,,
avocado,oil,cereals,french fries,,,,,,,,,,,,,,,,
herb & pepper,spaghetti,mineral water,spinach,eggs,oil,cooking oil,green tea,shampoo,tomato juice,low fat yogurt,,,,,,,,,
herb & pepper,frozen vegetables,ground beef,pepper,spaghetti,mint green tea,french fries,,,,,,,,,,,,,
french fries,,,,,,,,,,,,,,,,,,,
green tea,tomato juice,,,,,,,,,,,,,,,,,,
eggs,whole wheat rice,chocolate,,,,,,,,,,,,,,,,,
grated cheese,herb & pepper,red wine,spaghetti,mineral water,salmon,eggs,cooking oil,green tea,,,,,,,,,,,
french fries,cookies,shallot,tomato juice,fresh bread,low fat yogurt,,,,,,,,,,,,,,
burgers,fresh tuna,spaghetti,muffins,honey,,,,,,,,,,,,,,,
herb & pepper,ground beef,spaghetti,eggs,chicken,,,,,,,,,,,,,,,
grated cheese,muffins,tomato juice,mayonnaise,,,,,,,,,,,,,,,,
whole wheat pasta,yams,mineral water,muffins,frozen smoothie,hot dogs,energy drink,,,,,,,,,,,,,
burgers,spaghetti,soup,milk,olive oil,salmon,eggs,blueberries,,,,,,,,,,,,
chocolate,champagne,magazines,,,,,,,,,,,,,,,,,
frozen vegetables,spaghetti,yams,mineral water,french wine,green grapes,rice,chocolate,,,,,,,,,,,,
tomato sauce,chocolate,,,,,,,,,,,,,,,,,,
milk,eggs,,,,,,,,,,,,,,,,,,
pet food,,,,,,,,,,,,,,,,,,,
yogurt cake,,,,,,,,,,,,,,,,,,,
green tea,,,,,,,,,,,,,,,,,,,
escalope,pasta,,,,,,,,,,,,,,,,,,
herb & pepper,ground beef,,,,,,,,,,,,,,,,,,
mineral water,honey,brownies,,,,,,,,,,,,,,,,,
turkey,eggs,cake,energy drink,,,,,,,,,,,,,,,,
turkey,burgers,dessert wine,ground beef,soup,salmon,eggs,gums,tomato juice,candy bars,,,,,,,,,,
spaghetti,mineral water,chicken,,,,,,,,,,,,,,,,,
turkey,ground beef,carrots,french fries,melons,,,,,,,,,,,,,,,
mineral water,eggs,low fat yogurt,,,,,,,,,,,,,,,,,
turkey,cooking oil,shampoo,,,,,,,,,,,,,,,,,
spaghetti,hot dogs,,,,,,,,,,,,,,,,,,
chocolate,green tea,,,,,,,,,,,,,,,,,,
grated cheese,pepper,mineral water,chocolate,eggs,cake,mashed potato,tomato juice,,,,,,,,,,,,
chocolate,,,,,,,,,,,,,,,,,,,
spaghetti,olive oil,strong cheese,pancakes,,,,,,,,,,,,,,,,
red wine,mineral water,soup,rice,cookies,,,,,,,,,,,,,,,
red wine,shrimp,spaghetti,,,,,,,,,,,,,,,,,
green tea,,,,,,,,,,,,,,,,,,,
mineral water,chicken,french fries,frozen smoothie,,,,,,,,,,,,,,,,
muffins,,,,,,,,,,,,,,,,,,,
cake,chocolate,,,,,,,,,,,,,,,,,,
fresh tuna,tomatoes,mineral water,soup,avocado,meatballs,olive oil,,,,,,,,,,,,,
turkey,french fries,,,,,,,,,,,,,,,,,,
burgers,turkey,herb & pepper,ground beef,pancakes,eggs,light cream,rice,champagne,fresh bread,,,,,,,,,,
escalope,,,,,,,,,,,,,,,,,,,
chocolate,escalope,fresh bread,,,,,,,,,,,,,,,,,
ham,spaghetti,french wine,vegetables mix,chocolate,french fries,,,,,,,,,,,,,,
avocado,light mayo,,,,,,,,,,,,,,,,,,
spaghetti,yams,butter,chocolate,,,,,,,,,,,,,,,,
energy bar,eggs,french fries,,,,,,,,,,,,,,,,,
fresh tuna,barbecue sauce,eggplant,,,,,,,,,,,,,,,,,
energy drink,,,,,,,,,,,,,,,,,,,
whole wheat rice,french fries,hot dogs,green tea,,,,,,,,,,,,,,,,
mineral water,chicken,green tea,,,,,,,,,,,,,,,,,
eggs,cake,mushroom cream sauce,,,,,,,,,,,,,,,,,
escalope,,,,,,,,,,,,,,,,,,,
antioxydant juice,escalope,,,,,,,,,,,,,,,,,,
shrimp,spaghetti,french fries,,,,,,,,,,,,,,,,,
grated cheese,spaghetti,salmon,tomato juice,,,,,,,,,,,,,,,,
spaghetti,green tea,,,,,,,,,,,,,,,,,,
champagne,protein bar,,,,,,,,,,,,,,,,,,
mineral water,avocado,chocolate,,,,,,,,,,,,,,,,,
tomatoes,champagne,green tea,,,,,,,,,,,,,,,,,
chicken,french fries,escalope,,,,,,,,,,,,,,,,,
frozen vegetables,tomatoes,eggs,green tea,frozen smoothie,light mayo,,,,,,,,,,,,,,
ground beef,chicken,cider,green grapes,honey,chocolate,french fries,champagne,frozen smoothie,escalope,,,,,,,,,,
french fries,champagne,,,,,,,,,,,,,,,,,,
mineral water,soup,,,,,,,,,,,,,,,,,,
frozen vegetables,spaghetti,milk,chocolate,babies food,,,,,,,,,,,,,,,
honey,whole wheat rice,,,,,,,,,,,,,,,,,,
whole wheat rice,chicken,tomato juice,,,,,,,,,,,,,,,,,
pancakes,,,,,,,,,,,,,,,,,,,
green tea,protein bar,tomato juice,candy bars,,,,,,,,,,,,,,,,
french fries,,,,,,,,,,,,,,,,,,,
mineral water,,,,,,,,,,,,,,,,,,,
escalope,,,,,,,,,,,,,,,,,,,
grated cheese,herb & pepper,whole wheat pasta,yams,mineral water,bacon,nonfat milk,spinach,,,,,,,,,,,,
spaghetti,milk,,,,,,,,,,,,,,,,,,
milk,chocolate,white wine,,,,,,,,,,,,,,,,,
sandwich,,,,,,,,,,,,,,,,,,,
chocolate,light mayo,,,,,,,,,,,,,,,,,,
shrimp,whole wheat pasta,spaghetti,meatballs,chicken,frozen smoothie,tomato juice,,,,,,,,,,,,,
red wine,ground beef,spaghetti,mineral water,eggs,,,,,,,,,,,,,,,
yams,melons,,,,,,,,,,,,,,,,,,
spaghetti,cooking oil,,,,,,,,,,,,,,,,,,
french fries,,,,,,,,,,,,,,,,,,,
mineral water,milk,spinach,cooking oil,chocolate,frozen smoothie,hot dogs,,,,,,,,,,,,,
tomato sauce,milk,,,,,,,,,,,,,,,,,,
shrimp,cider,eggs,french fries,,,,,,,,,,,,,,,,
champagne,,,,,,,,,,,,,,,,,,,
salad,,,,,,,,,,,,,,,,,,,
french fries,,,,,,,,,,,,,,,,,,,
frozen vegetables,mineral water,energy bar,honey,rice,green tea,,,,,,,,,,,,,,
french fries,salad,,,,,,,,,,,,,,,,,,
honey,chocolate,french fries,brownies,,,,,,,,,,,,,,,,
green tea,strawberries,gluten free bar,,,,,,,,,,,,,,,,,
frozen vegetables,ground beef,mineral water,salmon,honey,extra dark chocolate,green tea,mushroom cream sauce,gluten free bar,,,,,,,,,,,
grated cheese,tomatoes,mineral water,meatballs,,,,,,,,,,,,,,,,
shrimp,chocolate,water spray,,,,,,,,,,,,,,,,,
turkey,,,,,,,,,,,,,,,,,,,
turkey,eggs,,,,,,,,,,,,,,,,,,
turkey,frozen vegetables,tomatoes,soup,butter,french wine,pancakes,eggs,tomato juice,fresh bread,green tea,,,,,,,,,
spaghetti,,,,,,,,,,,,,,,,,,,
milk,frozen smoothie,low fat yogurt,,,,,,,,,,,,,,,,,
burgers,mineral water,milk,whole wheat rice,cereals,chocolate,french fries,,,,,,,,,,,,,
mineral water,,,,,,,,,,,,,,,,,,,
tomatoes,mineral water,soup,cake,chocolate,,,,,,,,,,,,,,,
mineral water,,,,,,,,,,,,,,,,,,,
ground beef,spaghetti,,,,,,,,,,,,,,,,,,
pepper,frozen smoothie,,,,,,,,,,,,,,,,,,
yogurt cake,,,,,,,,,,,,,,,,,,,
red wine,pancakes,,,,,,,,,,,,,,,,,,
candy bars,,,,,,,,,,,,,,,,,,,
eggs,french fries,low fat yogurt,,,,,,,,,,,,,,,,,
cookies,,,,,,,,,,,,,,,,,,,
cookies,,,,,,,,,,,,,,,,,,,
spaghetti,soup,vegetables mix,spinach,french fries,escalope,cauliflower,toothpaste,,,,,,,,,,,,
cookies,,,,,,,,,,,,,,,,,,,
soup,olive oil,eggs,soda,corn,,,,,,,,,,,,,,,
chocolate,frozen smoothie,low fat yogurt,,,,,,,,,,,,,,,,,
spaghetti,mineral water,milk,pancakes,chocolate,french fries,,,,,,,,,,,,,,
mineral water,,,,,,,,,,,,,,,,,,,
herb & pepper,frozen vegetables,tomato sauce,mineral water,soup,milk,olive oil,almonds,,,,,,,,,,,,
burgers,eggs,,,,,,,,,,,,,,,,,,
french fries,,,,,,,,,,,,,,,,,,,
frozen smoothie,cottage cheese,,,,,,,,,,,,,,,,,,
tomatoes,mineral water,chocolate,light mayo,,,,,,,,,,,,,,,,
salmon,escalope,shallot,strawberries,fresh bread,low fat yogurt,,,,,,,,,,,,,,
energy bar,,,,,,,,,,,,,,,,,,,
red wine,ground beef,spaghetti,pancakes,blueberries,oil,cooking oil,tomato juice,,,,,,,,,,,,
ground beef,spaghetti,mineral water,milk,frozen smoothie,champagne,,,,,,,,,,,,,,
cookies,,,,,,,,,,,,,,,,,,,
salmon,escalope,,,,,,,,,,,,,,,,,,
cookies,,,,,,,,,,,,,,,,,,,
low fat yogurt,,,,,,,,,,,,,,,,,,,
eggs,,,,,,,,,,,,,,,,,,,
red wine,butter,hot dogs,,,,,,,,,,,,,,,,,
tomatoes,mineral water,soup,mashed potato,,,,,,,,,,,,,,,,
cookies,,,,,,,,,,,,,,,,,,,
parmesan cheese,ground beef,salmon,pancakes,champagne,,,,,,,,,,,,,,,
ground beef,yams,chocolate,olive oil,eggs,,,,,,,,,,,,,,,
shrimp,salmon,eggs,cookies,hot dogs,,,,,,,,,,,,,,,
magazines,mint,,,,,,,,,,,,,,,,,,
turkey,mineral water,eggs,cooking oil,extra dark chocolate,escalope,,,,,,,,,,,,,,
mineral water,mushroom cream sauce,,,,,,,,,,,,,,,,,,
grated cheese,frozen vegetables,mineral water,soup,milk,french wine,,,,,,,,,,,,,,
chocolate,cake,,,,,,,,,,,,,,,,,,
burgers,salt,white wine,,,,,,,,,,,,,,,,,
energy drink,,,,,,,,,,,,,,,,,,,
olive oil,cake,energy drink,,,,,,,,,,,,,,,,,
ground beef,whole wheat rice,,,,,,,,,,,,,,,,,,
eggs,french fries,,,,,,,,,,,,,,,,,,
spaghetti,escalope,mushroom cream sauce,,,,,,,,,,,,,,,,,
mineral water,fromage blanc,whole wheat rice,cake,french fries,,,,,,,,,,,,,,,
turkey,burgers,frozen vegetables,ground beef,mineral water,milk,eggs,cake,light mayo,,,,,,,,,,,
green tea,cottage cheese,,,,,,,,,,,,,,,,,,
fresh tuna,eggs,champagne,,,,,,,,,,,,,,,,,
cookies,,,,,,,,,,,,,,,,,,,
cookies,,,,,,,,,,,,,,,,,,,
cookies,,,,,,,,,,,,,,,,,,,
tomatoes,mineral water,eggplant,,,,,,,,,,,,,,,,,
grated cheese,tomatoes,spaghetti,mineral water,soup,honey,chicken,chocolate,french fries,,,,,,,,,,,
protein bar,,,,,,,,,,,,,,,,,,,
herb & pepper,red wine,shrimp,mineral water,barbecue sauce,protein bar,,,,,,,,,,,,,,
burgers,ham,spaghetti,mineral water,milk,eggs,french fries,escalope,pancakes,low fat yogurt,,,,,,,,,,
french fries,,,,,,,,,,,,,,,,,,,
frozen vegetables,soup,milk,eggs,whole wheat rice,chocolate,escalope,melons,,,,,,,,,,,,
spaghetti,,,,,,,,,,,,,,,,,,,
herb & pepper,shrimp,soup,eggs,oil,cooking oil,energy drink,protein bar,low fat yogurt,,,,,,,,,,,
ham,grated cheese,herb & pepper,shrimp,ground beef,spaghetti,mineral water,carrots,,,,,,,,,,,,
ham,red wine,ground beef,yams,mineral water,chocolate,low fat yogurt,,,,,,,,,,,,,
chocolate,french fries,mushroom cream sauce,cottage cheese,low fat yogurt,,,,,,,,,,,,,,,
eggs,,,,,,,,,,,,,,,,,,,
cake,cookies,,,,,,,,,,,,,,,,,,
grated cheese,mineral water,cake,chocolate bread,,,,,,,,,,,,,,,,
tomatoes,almonds,cake,champagne,low fat yogurt,,,,,,,,,,,,,,,
herb & pepper,shrimp,frozen vegetables,milk,butter,salmon,eggs,chocolate,,,,,,,,,,,,
herb & pepper,shrimp,whole wheat pasta,whole wheat rice,chicken,green tea,cauliflower,,,,,,,,,,,,,
eggs,corn,,,,,,,,,,,,,,,,,,
shrimp,frozen vegetables,tomato sauce,mineral water,chocolate,soup,olive oil,salmon,green beans,champagne,,,,,,,,,,
ham,herb & pepper,tomato sauce,mineral water,green grapes,eggs,gums,light cream,oil,green tea,mint,,,,,,,,,
energy bar,cake,chocolate,,,,,,,,,,,,,,,,,
herb & pepper,shrimp,spaghetti,eggs,,,,,,,,,,,,,,,,
fresh tuna,mineral water,honey,cooking oil,,,,,,,,,,,,,,,,
red wine,mineral water,oil,ketchup,chili,pet food,eggplant,green tea,escalope,tomato juice,low fat yogurt,,,,,,,,,
herb & pepper,shrimp,mineral water,pancakes,eggs,cake,blueberries,tea,frozen smoothie,,,,,,,,,,,
ground beef,mineral water,protein bar,,,,,,,,,,,,,,,,,
shrimp,frozen vegetables,parmesan cheese,spaghetti,salmon,carrots,frozen smoothie,pasta,mashed potato,shallot,light mayo,magazines,,,,,,,,
milk,chocolate,,,,,,,,,,,,,,,,,,
frozen vegetables,ground beef,spaghetti,olive oil,whole wheat rice,eggplant,cottage cheese,,,,,,,,,,,,,
turkey,ground beef,low fat yogurt,,,,,,,,,,,,,,,,,
herb & pepper,spaghetti,mineral water,whole wheat rice,cake,hot dogs,green tea,,,,,,,,,,,,,
green tea,,,,,,,,,,,,,,,,,,,
cookies,,,,,,,,,,,,,,,,,,,
eggs,cookies,,,,,,,,,,,,,,,,,,
spaghetti,eggs,ham,chocolate,french fries,champagne,brownies,pancakes,light mayo,,,,,,,,,,,
red wine,spaghetti,milk,eggs,chocolate,,,,,,,,,,,,,,,
turkey,burgers,pancakes,french fries,strawberries,green tea,,,,,,,,,,,,,,
escalope,,,,,,,,,,,,,,,,,,,
frozen vegetables,pancakes,eggs,cake,,,,,,,,,,,,,,,,
french fries,,,,,,,,,,,,,,,,,,,
turkey,ground beef,pepper,spaghetti,honey,cookies,,,,,,,,,,,,,,
chocolate,red wine,tomato sauce,olive oil,chili,french fries,cookies,salt,fresh bread,magazines,,,,,,,,,,
green tea,french fries,,,,,,,,,,,,,,,,,,
mineral water,,,,,,,,,,,,,,,,,,,
cooking oil,,,,,,,,,,,,,,,,,,,
frozen vegetables,spaghetti,,,,,,,,,,,,,,,,,,
ham,spaghetti,,,,,,,,,,,,,,,,,,
chicken,chocolate,cookies,,,,,,,,,,,,,,,,,
low fat yogurt,,,,,,,,,,,,,,,,,,,
eggs,cake,low fat yogurt,,,,,,,,,,,,,,,,,
shrimp,spaghetti,mineral water,soup,milk,bramble,frozen smoothie,cottage cheese,,,,,,,,,,,,
mineral water,eggs,protein bar,,,,,,,,,,,,,,,,,
turkey,shrimp,meatballs,butter,eggs,salad,green tea,,,,,,,,,,,,,
fresh tuna,spaghetti,chocolate,olive oil,chicken,french fries,,,,,,,,,,,,,,
turkey,shrimp,escalope,hot dogs,,,,,,,,,,,,,,,,
burgers,pepper,soup,milk,pancakes,green tea,,,,,,,,,,,,,,
pancakes,,,,,,,,,,,,,,,,,,,
mineral water,pancakes,eggs,french fries,,,,,,,,,,,,,,,,
eggs,escalope,low fat yogurt,,,,,,,,,,,,,,,,,
mineral water,french wine,gluten free bar,,,,,,,,,,,,,,,,,
burgers,ground beef,spaghetti,eggs,french fries,,,,,,,,,,,,,,,
soup,meatballs,milk,energy bar,,,,,,,,,,,,,,,,
chocolate,,,,,,,,,,,,,,,,,,,
herb & pepper,,,,,,,,,,,,,,,,,,,
turkey,red wine,mineral water,eggs,bramble,,,,,,,,,,,,,,,
burgers,ham,frozen vegetables,tomatoes,cake,chicken,green tea,toothpaste,mint,,,,,,,,,,,
grated cheese,mineral water,olive oil,energy bar,,,,,,,,,,,,,,,,
milk,cake,green tea,,,,,,,,,,,,,,,,,
mineral water,almonds,cooking oil,cereals,protein bar,white wine,green tea,,,,,,,,,,,,,
turkey,fresh tuna,mineral water,milk,eggs,cake,burger sauce,chicken,french fries,frozen smoothie,fresh bread,,,,,,,,,
herb & pepper,mineral water,whole wheat rice,yogurt cake,low fat yogurt,,,,,,,,,,,,,,,
tomatoes,spaghetti,meatballs,chicken,eggs,,,,,,,,,,,,,,,
burgers,mineral water,eggs,green tea,pancakes,,,,,,,,,,,,,,,
cake,green tea,,,,,,,,,,,,,,,,,,
chocolate,herb & pepper,yogurt cake,,,,,,,,,,,,,,,,,
ground beef,spaghetti,mineral water,almonds,salmon,nonfat milk,green grapes,pancakes,,,,,,,,,,,,
mineral water,vegetables mix,eggs,,,,,,,,,,,,,,,,,
protein bar,,,,,,,,,,,,,,,,,,,
eggs,eggplant,,,,,,,,,,,,,,,,,,
mayonnaise,,,,,,,,,,,,,,,,,,,
milk,bug spray,oatmeal,sandwich,asparagus,,,,,,,,,,,,,,,
frozen vegetables,soup,almonds,eggs,french fries,,,,,,,,,,,,,,,
frozen vegetables,,,,,,,,,,,,,,,,,,,
soup,butter,shampoo,,,,,,,,,,,,,,,,,
herb & pepper,whole wheat pasta,pepper,eggs,,,,,,,,,,,,,,,,
mineral water,whole wheat rice,rice,cooking oil,chocolate,fresh bread,low fat yogurt,,,,,,,,,,,,,
grated cheese,butter,chocolate,french fries,cookies,,,,,,,,,,,,,,,
spaghetti,soup,milk,chutney,cooking oil,asparagus,tomato juice,,,,,,,,,,,,,
eggs,french fries,frozen smoothie,cookies,champagne,cottage cheese,green tea,,,,,,,,,,,,,
turkey,tomatoes,mineral water,eggs,blueberries,,,,,,,,,,,,,,,
milk,tomato juice,low fat yogurt,green tea,,,,,,,,,,,,,,,,
mineral water,soup,almonds,cereals,green tea,,,,,,,,,,,,,,,
chocolate,light mayo,,,,,,,,,,,,,,,,,,
turkey,herb & pepper,chocolate,,,,,,,,,,,,,,,,,
eggs,french fries,green tea,,,,,,,,,,,,,,,,,
mineral water,cake,chocolate,tomato juice,,,,,,,,,,,,,,,,
eggs,,,,,,,,,,,,,,,,,,,
chocolate,pepper,spaghetti,mineral water,whole wheat rice,champagne,mushroom cream sauce,,,,,,,,,,,,,
frozen vegetables,pepper,mineral water,chocolate,white wine,,,,,,,,,,,,,,,
burgers,turkey,spaghetti,milk,whole wheat rice,oil,tomato juice,green tea,,,,,,,,,,,,
burgers,spaghetti,mineral water,soup,french wine,french fries,light mayo,low fat yogurt,,,,,,,,,,,,
butter,green grapes,frozen smoothie,low fat yogurt,,,,,,,,,,,,,,,,
eggs,low fat yogurt,,,,,,,,,,,,,,,,,,
cookies,,,,,,,,,,,,,,,,,,,
milk,energy drink,,,,,,,,,,,,,,,,,,
olive oil,energy drink,,,,,,,,,,,,,,,,,,
eggs,cookies,,,,,,,,,,,,,,,,,,
eggs,,,,,,,,,,,,,,,,,,,
energy bar,eggs,,,,,,,,,,,,,,,,,,
eggs,,,,,,,,,,,,,,,,,,,
eggs,green tea,,,,,,,,,,,,,,,,,,
escalope,,,,,,,,,,,,,,,,,,,
shrimp,soup,milk,almonds,eggs,oil,chocolate,,,,,,,,,,,,,
chocolate,french fries,,,,,,,,,,,,,,,,,,
cake,,,,,,,,,,,,,,,,,,,
pancakes,eggs,cake,green tea,toothpaste,,,,,,,,,,,,,,,
herb & pepper,tomatoes,ground beef,eggs,cooking oil,,,,,,,,,,,,,,,
cider,eggs,chocolate,low fat yogurt,,,,,,,,,,,,,,,,
frozen vegetables,cider,eggs,french fries,,,,,,,,,,,,,,,,
yams,cookies,toothpaste,,,,,,,,,,,,,,,,,
mineral water,milk,escalope,champagne,hot dogs,fresh bread,,,,,,,,,,,,,,
ham,herb & pepper,spaghetti,mineral water,chocolate,pancakes,eggs,,,,,,,,,,,,,
pepper,mineral water,escalope,shallot,protein bar,white wine,,,,,,,,,,,,,,
turkey,parmesan cheese,spaghetti,meatballs,butter,,,,,,,,,,,,,,,
herb & pepper,eggs,escalope,,,,,,,,,,,,,,,,,
herb & pepper,,,,,,,,,,,,,,,,,,,
burgers,escalope,shallot,,,,,,,,,,,,,,,,,
chocolate,pepper,tomato sauce,tomato juice,,,,,,,,,,,,,,,,
cookies,,,,,,,,,,,,,,,,,,,
burgers,ground beef,spaghetti,mineral water,escalope,melons,,,,,,,,,,,,,,
frozen vegetables,mineral water,soup,milk,olive oil,,,,,,,,,,,,,,,
turkey,eggs,french fries,asparagus,low fat yogurt,zucchini,,,,,,,,,,,,,,
burgers,frozen vegetables,gums,,,,,,,,,,,,,,,,,
herb & pepper,frozen vegetables,ground beef,milk,,,,,,,,,,,,,,,,
frozen vegetables,cake,light cream,mashed potato,,,,,,,,,,,,,,,,
milk,,,,,,,,,,,,,,,,,,,
turkey,eggs,barbecue sauce,,,,,,,,,,,,,,,,,
escalope,,,,,,,,,,,,,,,,,,,
parmesan cheese,french fries,,,,,,,,,,,,,,,,,,
energy bar,eggs,,,,,,,,,,,,,,,,,,
soup,escalope,mint,,,,,,,,,,,,,,,,,
muffins,chicken,zucchini,,,,,,,,,,,,,,,,,
burgers,eggs,french fries,cookies,green tea,,,,,,,,,,,,,,,
spaghetti,,,,,,,,,,,,,,,,,,,
avocado,energy bar,chocolate,,,,,,,,,,,,,,,,,
cookies,,,,,,,,,,,,,,,,,,,
green tea,,,,,,,,,,,,,,,,,,,
whole wheat pasta,spaghetti,mineral water,olive oil,,,,,,,,,,,,,,,,
grated cheese,frozen vegetables,eggs,gums,escalope,low fat yogurt,,,,,,,,,,,,,,
grated cheese,herb & pepper,mineral water,pancakes,chocolate,escalope,tomato juice,,,,,,,,,,,,,
chocolate,spaghetti,yams,flax seed,salmon,frozen smoothie,,,,,,,,,,,,,,
burger sauce,oil,,,,,,,,,,,,,,,,,,
eggs,french fries,energy drink,,,,,,,,,,,,,,,,,
mineral water,,,,,,,,,,,,,,,,,,,
grated cheese,ground beef,mineral water,olive oil,,,,,,,,,,,,,,,,
eggs,low fat yogurt,,,,,,,,,,,,,,,,,,
parmesan cheese,spaghetti,soda,pet food,white wine,,,,,,,,,,,,,,,
turkey,shrimp,olive oil,chicken,eggs,extra dark chocolate,melons,fresh bread,,,,,,,,,,,,
pickles,ground beef,yams,milk,strong cheese,salmon,muffins,french fries,escalope,,,,,,,,,,,
pepper,spaghetti,light cream,,,,,,,,,,,,,,,,,
frozen vegetables,mineral water,eggs,,,,,,,,,,,,,,,,,
spaghetti,chicken,tea,pancakes,gluten free bar,,,,,,,,,,,,,,,
fresh tuna,turkey,herb & pepper,spaghetti,mineral water,mint,,,,,,,,,,,,,,
spaghetti,mineral water,cooking oil,escalope,,,,,,,,,,,,,,,,
soup,,,,,,,,,,,,,,,,,,,
burgers,herb & pepper,spaghetti,,,,,,,,,,,,,,,,,
cookies,shallot,strawberries,,,,,,,,,,,,,,,,,
fresh tuna,chocolate,shrimp,whole wheat pasta,pepper,mineral water,soup,milk,salmon,,,,,,,,,,,
yams,mineral water,avocado,milk,butter,cooking oil,chocolate,cottage cheese,,,,,,,,,,,,
ham,eggs,french fries,energy drink,,,,,,,,,,,,,,,,
mineral water,avocado,,,,,,,,,,,,,,,,,,
cookies,,,,,,,,,,,,,,,,,,,
chocolate,butter,eggs,green tea,cottage cheese,mayonnaise,,,,,,,,,,,,,,
eggs,mushroom cream sauce,low fat yogurt,,,,,,,,,,,,,,,,,
antioxydant juice,chocolate,,,,,,,,,,,,,,,,,,
ground beef,spaghetti,french fries,green tea,,,,,,,,,,,,,,,,
cake,,,,,,,,,,,,,,,,,,,
turkey,red wine,mineral water,pancakes,eggs,whole wheat rice,cooking oil,chocolate,zucchini,,,,,,,,,,,
chocolate,parmesan cheese,mineral water,olive oil,bacon,,,,,,,,,,,,,,,
green grapes,gums,,,,,,,,,,,,,,,,,,
shrimp,frozen vegetables,parmesan cheese,milk,eggs,cooking oil,chocolate,french fries,,,,,,,,,,,,
ground beef,mineral water,milk,eggs,,,,,,,,,,,,,,,,
escalope,,,,,,,,,,,,,,,,,,,
turkey,cookies,,,,,,,,,,,,,,,,,,
ground beef,mineral water,chocolate,green tea,,,,,,,,,,,,,,,,
whole wheat pasta,spaghetti,olive oil,butter,chocolate,french fries,tomato juice,low fat yogurt,,,,,,,,,,,,
red wine,,,,,,,,,,,,,,,,,,,
frozen vegetables,mineral water,eggs,gums,cooking oil,frozen smoothie,cottage cheese,low fat yogurt,,,,,,,,,,,,
turkey,grated cheese,energy bar,vegetables mix,brownies,,,,,,,,,,,,,,,
turkey,burgers,nonfat milk,cooking oil,energy drink,,,,,,,,,,,,,,,
french fries,low fat yogurt,,,,,,,,,,,,,,,,,,
muffins,,,,,,,,,,,,,,,,,,,
herb & pepper,mineral water,salmon,whole wheat rice,cake,green tea,,,,,,,,,,,,,,
mineral water,cake,chocolate,low fat yogurt,candy bars,,,,,,,,,,,,,,,
grated cheese,mineral water,chocolate,soup,milk,olive oil,light cream,chicken,,,,,,,,,,,,
mineral water,strawberries,,,,,,,,,,,,,,,,,,
escalope,,,,,,,,,,,,,,,,,,,
grated cheese,parmesan cheese,butter,whole wheat rice,cooking oil,,,,,,,,,,,,,,,
ground beef,mint,,,,,,,,,,,,,,,,,,
cookies,,,,,,,,,,,,,,,,,,,
ground beef,avocado,milk,chicken,rice,,,,,,,,,,,,,,,
frozen vegetables,soup,eggs,low fat yogurt,,,,,,,,,,,,,,,,
herb & pepper,ground beef,spaghetti,mineral water,chocolate,black tea,french wine,pancakes,rice,green tea,toothpaste,,,,,,,,,
shrimp,parmesan cheese,mineral water,eggs,cake,oil,cooking oil,toothpaste,low fat yogurt,,,,,,,,,,,
ham,herb & pepper,frozen vegetables,tomatoes,spaghetti,olive oil,black tea,vegetables mix,cooking oil,green tea,frozen smoothie,mint,,,,,,,,
chicken,cider,eggs,,,,,,,,,,,,,,,,,
shrimp,tomato sauce,mineral water,chocolate,escalope,mint,,,,,,,,,,,,,,
energy drink,,,,,,,,,,,,,,,,,,,
ham,spaghetti,mineral water,energy bar,eggs,cooking oil,pancakes,fresh bread,low fat yogurt,,,,,,,,,,,
shrimp,frozen vegetables,tomatoes,,,,,,,,,,,,,,,,,
turkey,herb & pepper,frozen vegetables,ground beef,yams,mineral water,salmon,,,,,,,,,,,,,
shrimp,mineral water,,,,,,,,,,,,,,,,,,
turkey,ground beef,spaghetti,soup,escalope,yogurt cake,,,,,,,,,,,,,,
shrimp,pepper,mineral water,soup,milk,eggs,rice,barbecue sauce,clothes accessories,cookies,,,,,,,,,,
burgers,pancakes,,,,,,,,,,,,,,,,,,
low fat yogurt,,,,,,,,,,,,,,,,,,,
mineral water,milk,,,,,,,,,,,,,,,,,,
milk,,,,,,,,,,,,,,,,,,,
chocolate,,,,,,,,,,,,,,,,,,,
whole wheat pasta,mineral water,olive oil,pancakes,,,,,,,,,,,,,,,,
yams,mineral water,eggs,cake,,,,,,,,,,,,,,,,
turkey,french fries,,,,,,,,,,,,,,,,,,
shrimp,spaghetti,yams,mineral water,chocolate,olive oil,light cream,chicken,green tea,french fries,sandwich,white wine,,,,,,,,
mineral water,milk,salmon,green tea,cookies,fresh bread,,,,,,,,,,,,,,
spaghetti,olive oil,,,,,,,,,,,,,,,,,,
herb & pepper,spaghetti,,,,,,,,,,,,,,,,,,
spaghetti,mineral water,soup,salmon,pancakes,chicken,mint green tea,low fat yogurt,,,,,,,,,,,,
frozen vegetables,whole wheat pasta,ground beef,mineral water,chocolate,milk,olive oil,almonds,french wine,yogurt cake,fresh bread,,,,,,,,,
green tea,,,,,,,,,,,,,,,,,,,
burgers,grated cheese,spaghetti,nonfat milk,eggs,gums,chocolate,tomato juice,low fat yogurt,,,,,,,,,,,
ham,ground beef,olive oil,energy bar,chicken,brownies,white wine,,,,,,,,,,,,,
whole wheat pasta,mineral water,olive oil,cooking oil,frozen smoothie,green tea,,,,,,,,,,,,,,
vegetables mix,champagne,,,,,,,,,,,,,,,,,,
olive oil,,,,,,,,,,,,,,,,,,,
herb & pepper,ground beef,escalope,pancakes,green tea,,,,,,,,,,,,,,,
herb & pepper,frozen vegetables,ground beef,tomato sauce,spaghetti,mineral water,milk,french wine,eggs,whole wheat rice,chocolate,escalope,hot dogs,green tea,,,,,,
yams,carrots,,,,,,,,,,,,,,,,,,
chicken,,,,,,,,,,,,,,,,,,,
turkey,burgers,herb & pepper,ground beef,yams,mineral water,avocado,milk,almonds,muffins,eggs,french fries,,,,,,,,
whole wheat pasta,salmon,antioxydant juice,mint green tea,,,,,,,,,,,,,,,,
chocolate,french fries,strawberries,fresh bread,,,,,,,,,,,,,,,,
burgers,chocolate,shrimp,whole wheat pasta,ground beef,soup,energy bar, asparagus,,,,,,,,,,,,
mineral water,butter,pancakes,french fries,frozen smoothie,white wine,low fat yogurt,,,,,,,,,,,,,
muffins,eggs,,,,,,,,,,,,,,,,,,
turkey,shrimp,frozen vegetables,eggs,,,,,,,,,,,,,,,,
burgers,eggs,yogurt cake,,,,,,,,,,,,,,,,,
burgers,fresh tuna,shrimp,frozen vegetables,whole wheat pasta,yams,mineral water,olive oil,almonds,cake,chicken,extra dark chocolate,,,,,,,,
herb & pepper,ground beef,mineral water,chicken,,,,,,,,,,,,,,,,
frozen smoothie,,,,,,,,,,,,,,,,,,,
chicken,tomato juice,,,,,,,,,,,,,,,,,,
whole wheat pasta,olive oil,,,,,,,,,,,,,,,,,,
milk,energy bar,green tea,,,,,,,,,,,,,,,,,
grated cheese,herb & pepper,,,,,,,,,,,,,,,,,,
escalope,green tea,,,,,,,,,,,,,,,,,,
soup,meatballs,milk,almonds,green tea,,,,,,,,,,,,,,,
herb & pepper,pet food,cookies,,,,,,,,,,,,,,,,,
grated cheese,whole wheat pasta,olive oil,energy bar,light cream,oil,french fries,pancakes,low fat yogurt,,,,,,,,,,,
honey,,,,,,,,,,,,,,,,,,,
parmesan cheese,mineral water,fromage blanc,eggs,honey,frozen smoothie,,,,,,,,,,,,,,
bramble,zucchini,,,,,,,,,,,,,,,,,,
ground beef,pepper,milk,eggs,green tea,chocolate,white wine,,,,,,,,,,,,,
chocolate,red wine,butter,french fries,cookies,low fat yogurt,,,,,,,,,,,,,,
chocolate,spaghetti,bug spray,,,,,,,,,,,,,,,,,
cookies,,,,,,,,,,,,,,,,,,,
spaghetti,mineral water,vegetables mix,eggs,whole wheat rice,fresh bread,,,,,,,,,,,,,,
chocolate,grated cheese,mineral water,salmon,whole wheat rice,burger sauce,escalope,mushroom cream sauce,low fat yogurt,,,,,,,,,,,
spaghetti,champagne,,,,,,,,,,,,,,,,,,
frozen vegetables,mineral water,,,,,,,,,,,,,,,,,,
mineral water,body spray,low fat yogurt,,,,,,,,,,,,,,,,,
herb & pepper,red wine,whole wheat pasta,cake,tomato juice,,,,,,,,,,,,,,,
burgers,parmesan cheese,eggs,french fries,hot dogs,,,,,,,,,,,,,,,
mineral water,eggs,pancakes,,,,,,,,,,,,,,,,,
eggs,french fries,,,,,,,,,,,,,,,,,,
shrimp,frozen vegetables,tomatoes,spaghetti,,,,,,,,,,,,,,,,
mineral water,almonds,pancakes,chocolate,french fries,green tea,,,,,,,,,,,,,,
cake,french fries,escalope,,,,,,,,,,,,,,,,,
frozen vegetables,spaghetti,mineral water,milk,black tea,french wine,cider,chutney,salmon,,,,,,,,,,,
almonds,cake,low fat yogurt,,,,,,,,,,,,,,,,,
french fries,,,,,,,,,,,,,,,,,,,
hot dogs,,,,,,,,,,,,,,,,,,,
mineral water,soup,chicken,light cream,green tea,chocolate,champagne,low fat yogurt,,,,,,,,,,,,
ground beef,olive oil,,,,,,,,,,,,,,,,,,
french fries,cookies,green tea,,,,,,,,,,,,,,,,,
soup,blueberries,cooking oil,chocolate,cookies,champagne,salt,,,,,,,,,,,,,
chocolate,french fries,frozen smoothie,escalope,fresh bread,,,,,,,,,,,,,,,
yams,mint,,,,,,,,,,,,,,,,,,
frozen vegetables,ground beef,salmon,muffins,chocolate,magazines,,,,,,,,,,,,,,
fresh tuna,herb & pepper,parmesan cheese,milk,olive oil,pancakes,honey,cake,chocolate,,,,,,,,,,,
grated cheese,shrimp,butter,whole wheat rice,french fries,escalope,cookies,cottage cheese,,,,,,,,,,,,
energy bar,eggs,french fries,champagne,body spray,,,,,,,,,,,,,,,
burgers,eggs,french fries,,,,,,,,,,,,,,,,,
burgers,shrimp,mineral water,milk,eggs,chocolate,french fries,fresh bread,,,,,,,,,,,,
ground beef,mineral water,chocolate,milk,chicken,nonfat milk,green tea,,,,,,,,,,,,,
mineral water,chicken,,,,,,,,,,,,,,,,,,
turkey,ground beef,spaghetti,milk,eggs,cake,,,,,,,,,,,,,,
french fries,green tea,,,,,,,,,,,,,,,,,,
french fries,escalope,,,,,,,,,,,,,,,,,,
turkey,sparkling water,,,,,,,,,,,,,,,,,,
whole wheat pasta,mineral water,olive oil,carrots,protein bar,low fat yogurt,,,,,,,,,,,,,,
cookies,,,,,,,,,,,,,,,,,,,
turkey,grated cheese,honey,green beans,french fries,,,,,,,,,,,,,,,
turkey,red wine,mineral water,chocolate,soup,light cream,rice,oil,chicken,barbecue sauce,,,,,,,,,,
turkey,eggs,,,,,,,,,,,,,,,,,,
low fat yogurt,,,,,,,,,,,,,,,,,,,
nonfat milk,low fat yogurt,,,,,,,,,,,,,,,,,,
frozen vegetables,low fat yogurt,,,,,,,,,,,,,,,,,,
herb & pepper,parmesan cheese,whole wheat pasta,mineral water,milk,eggs,low fat yogurt,mint,,,,,,,,,,,,
yogurt cake,mint,,,,,,,,,,,,,,,,,,
sandwich,salt,,,,,,,,,,,,,,,,,,
shrimp,fresh bread,green tea,,,,,,,,,,,,,,,,,
pepper,tomato sauce,escalope,,,,,,,,,,,,,,,,,
mineral water,cake,protein bar,toothpaste,,,,,,,,,,,,,,,,
candy bars,,,,,,,,,,,,,,,,,,,
red wine,,,,,,,,,,,,,,,,,,,
spaghetti,mineral water,honey,strawberries,,,,,,,,,,,,,,,,
mineral water,eggs,green tea,,,,,,,,,,,,,,,,,
grated cheese,frozen vegetables,parmesan cheese,french wine,french fries,fresh bread,green tea,,,,,,,,,,,,,
frozen vegetables,parmesan cheese,whole wheat pasta,spaghetti,mineral water,chocolate,avocado,milk,olive oil,muffins,cake,,,,,,,,,
chocolate,grated cheese,shrimp,spaghetti,olive oil,honey,strawberries,mint,,,,,,,,,,,,
spaghetti,strawberries,,,,,,,,,,,,,,,,,,
burgers,chocolate,mushroom cream sauce,,,,,,,,,,,,,,,,,
mineral water,olive oil,extra dark chocolate,,,,,,,,,,,,,,,,,
eggs,green tea,,,,,,,,,,,,,,,,,,
tomato juice,,,,,,,,,,,,,,,,,,,
muffins,low fat yogurt,,,,,,,,,,,,,,,,,,
soup,olive oil,pancakes,light cream,champagne,low fat yogurt,,,,,,,,,,,,,,
mineral water,vegetables mix,low fat yogurt,,,,,,,,,,,,,,,,,
pepper,mineral water,avocado,pancakes,eggs,honey,green tea,chocolate,,,,,,,,,,,,
pickles,burgers,almonds,honey,frozen smoothie,,,,,,,,,,,,,,,
bug spray,clothes accessories,cottage cheese,,,,,,,,,,,,,,,,,
frozen vegetables,ground beef,spaghetti,pancakes,honey,whole wheat rice,green beans,french fries,frozen smoothie,mashed potato,,,,,,,,,,
spaghetti,mineral water,milk,,,,,,,,,,,,,,,,,
pancakes,,,,,,,,,,,,,,,,,,,
muffins,,,,,,,,,,,,,,,,,,,
frozen vegetables,oil,cereals,,,,,,,,,,,,,,,,,
turkey,shrimp,mineral water,milk,almonds,strong cheese,cake,frozen smoothie,,,,,,,,,,,,
chocolate,rice,eggplant,hand protein bar,zucchini,,,,,,,,,,,,,,,
spaghetti,meatballs,nonfat milk,hot dogs,,,,,,,,,,,,,,,,
frozen vegetables,cake,cookies,pancakes,,,,,,,,,,,,,,,,
butter,bug spray,french fries,yogurt cake,green tea,,,,,,,,,,,,,,,
herb & pepper,,,,,,,,,,,,,,,,,,,
soup,milk,cider,chicken,green beans,,,,,,,,,,,,,,,
shrimp,spaghetti,mineral water,avocado,milk,salmon,frozen smoothie,escalope,hot dogs,,,,,,,,,,,
milk,whole wheat rice,escalope,champagne,,,,,,,,,,,,,,,,
escalope,pasta,mushroom cream sauce,,,,,,,,,,,,,,,,,
parmesan cheese,,,,,,,,,,,,,,,,,,,
grated cheese,spaghetti,french fries,,,,,,,,,,,,,,,,,
burgers,shrimp,whole wheat pasta,spaghetti,mineral water,milk,olive oil,chicken,salmon,pancakes,cake,,,,,,,,,
turkey,chocolate,grated cheese,frozen vegetables,ground beef,spaghetti,milk,butter,bacon,whole wheat rice,,,,,,,,,,
turkey,pepper,chocolate,fromage blanc,eggs,green tea,escalope,,,,,,,,,,,,,
tomatoes,ground beef,avocado,milk,pancakes,green tea,,,,,,,,,,,,,,
turkey,mineral water,green tea,protein bar,,,,,,,,,,,,,,,,
mineral water,low fat yogurt,,,,,,,,,,,,,,,,,,
pancakes,tomato juice,candy bars,,,,,,,,,,,,,,,,,
yams,avocado,bacon,oil,french fries,brownies,pancakes,zucchini,green tea,,,,,,,,,,,
shrimp,spaghetti,mineral water,soup,milk,olive oil,chicken,cake,burger sauce,oil,,,,,,,,,,
chicken,cooking oil,tea,,,,,,,,,,,,,,,,,
burgers,soup,vegetables mix,pancakes,body spray,melons,protein bar,asparagus,mayonnaise,mint,green tea,,,,,,,,,
shrimp,pepper,,,,,,,,,,,,,,,,,,
spaghetti,olive oil,blueberries,,,,,,,,,,,,,,,,,
muffins,,,,,,,,,,,,,,,,,,,
grated cheese,herb & pepper,muffins,eggs,low fat yogurt,,,,,,,,,,,,,,,
grated cheese,frozen vegetables,spaghetti,milk,gums,light cream,cooking oil,gluten free bar,,,,,,,,,,,,
pepper,pancakes,french fries,tomato juice,,,,,,,,,,,,,,,,
frozen vegetables,tomatoes,parmesan cheese,ground beef,tomato sauce,milk,extra dark chocolate,melons,mint,green tea,,,,,,,,,,
olive oil,chicken,chocolate,cookies,green tea,,,,,,,,,,,,,,,
whole wheat pasta,ground beef,spaghetti,chocolate,french wine,pancakes,eggs,frozen smoothie,sandwich,tomato juice,,,,,,,,,,
eggs,cottage cheese,,,,,,,,,,,,,,,,,,
muffins,cottage cheese,,,,,,,,,,,,,,,,,,
green tea,frozen smoothie,white wine,,,,,,,,,,,,,,,,,
mineral water,chocolate,rice,champagne,,,,,,,,,,,,,,,,
mineral water,,,,,,,,,,,,,,,,,,,
shrimp,whole wheat pasta,meatballs,milk,,,,,,,,,,,,,,,,
herb & pepper,parmesan cheese,ground beef,pepper,spaghetti,cream,black tea,almonds,french wine,pancakes,eggs,,,,,,,,,
grated cheese,shrimp,parmesan cheese,ground beef,mineral water,mint,,,,,,,,,,,,,,
mineral water,rice,,,,,,,,,,,,,,,,,,
pancakes,,,,,,,,,,,,,,,,,,,
mineral water,honey,,,,,,,,,,,,,,,,,,
burgers,ground beef,pancakes,salt,,,,,,,,,,,,,,,,
parmesan cheese,soda,french fries,brownies,,,,,,,,,,,,,,,,
whole wheat rice,,,,,,,,,,,,,,,,,,,
ground beef,spaghetti,chicken,rice,oil,cooking oil,hot dogs,mint,,,,,,,,,,,,
butter,chocolate,,,,,,,,,,,,,,,,,,
pepper,,,,,,,,,,,,,,,,,,,
herb & pepper,chocolate,champagne,yogurt cake,green tea,,,,,,,,,,,,,,,
grated cheese,mineral water,eggs,escalope,,,,,,,,,,,,,,,,
cookies,yogurt cake,light mayo,green tea,,,,,,,,,,,,,,,,
milk,cooking oil,,,,,,,,,,,,,,,,,,
milk,olive oil,light cream,cooking oil,chicken,extra dark chocolate,cereals,french fries,frozen smoothie,pancakes,tomato juice,fresh bread,low fat yogurt,,,,,,,
tomatoes,soup,avocado,milk,yogurt cake,energy drink,low fat yogurt,green tea,,,,,,,,,,,,
ham,chocolate,ground beef,mineral water,oil,,,,,,,,,,,,,,,
green tea,champagne,escalope,,,,,,,,,,,,,,,,,
chocolate,,,,,,,,,,,,,,,,,,,
escalope,pasta,,,,,,,,,,,,,,,,,,
burgers,mineral water,olive oil,rice,antioxydant juice,frozen smoothie,,,,,,,,,,,,,,
green tea,,,,,,,,,,,,,,,,,,,
grated cheese,tomato sauce,spaghetti,milk,pancakes,energy drink,white wine,,,,,,,,,,,,,
turkey,spaghetti,strong cheese,strawberries,,,,,,,,,,,,,,,,
muffins,,,,,,,,,,,,,,,,,,,
ground beef,spaghetti,cider,cooking oil,cookies,,,,,,,,,,,,,,,
burgers,frozen vegetables,parmesan cheese,spaghetti,fromage blanc,vegetables mix,pancakes,honey,hot dogs,low fat yogurt,,,,,,,,,,
ground beef,,,,,,,,,,,,,,,,,,,
green beans,,,,,,,,,,,,,,,,,,,
frozen vegetables,mineral water,honey,whole wheat rice,champagne,escalope,,,,,,,,,,,,,,
parmesan cheese,milk,butter,black tea,eggs,frozen smoothie,light mayo,shampoo,low fat yogurt,green tea,,,,,,,,,,
mineral water,cake,,,,,,,,,,,,,,,,,,
turkey,mineral water,milk,pancakes,whole wheat rice,cooking oil,frozen smoothie,cookies,green tea,,,,,,,,,,,
avocado,chocolate,french fries,,,,,,,,,,,,,,,,,
green tea,,,,,,,,,,,,,,,,,,,
chocolate,eggs,bug spray,,,,,,,,,,,,,,,,,
grated cheese,muffins,french fries,body spray,,,,,,,,,,,,,,,,
mineral water,eggs,blueberries,soda,escalope,,,,,,,,,,,,,,,
whole wheat rice,,,,,,,,,,,,,,,,,,,
nonfat milk,cookies,mushroom cream sauce,,,,,,,,,,,,,,,,,
french fries,champagne,,,,,,,,,,,,,,,,,,
mineral water,salmon,,,,,,,,,,,,,,,,,,
olive oil,,,,,,,,,,,,,,,,,,,
turkey,tomatoes,ground beef,soup,milk,butter,honey,cake,mint green tea,brownies,salt,,,,,,,,,
parmesan cheese,spaghetti,mineral water,chocolate,napkins,low fat yogurt,,,,,,,,,,,,,,
burgers,parmesan cheese,chocolate,soup,milk,olive oil,energy bar,butter,almonds,fromage blanc,eggs,cake,pancakes,,,,,,,
shrimp,honey,pasta,energy drink,green tea,,,,,,,,,,,,,,,
fresh tuna,chocolate,milk,french wine,muffins,pancakes,champagne,frozen smoothie,,,,,,,,,,,,
strawberries,,,,,,,,,,,,,,,,,,,
herb & pepper,,,,,,,,,,,,,,,,,,,
herb & pepper,frozen vegetables,tomatoes,parmesan cheese,ground beef,fromage blanc,eggs,honey,cake,rice,cereals,french fries,champagne,,,,,,,
spaghetti,mineral water,milk,strong cheese,cereals,escalope,cottage cheese,,,,,,,,,,,,,
turkey,burgers,fresh tuna,spaghetti,pancakes,eggs,cake,cottage cheese,energy drink,gluten free bar,,,,,,,,,,
eggplant,,,,,,,,,,,,,,,,,,,
burgers,spaghetti,mineral water,almonds,honey,extra dark chocolate,carrots,mashed potato,,,,,,,,,,,,
chocolate,french fries,frozen smoothie,cottage cheese,strawberries,light mayo,,,,,,,,,,,,,,
strong cheese,,,,,,,,,,,,,,,,,,,
chocolate,french fries,,,,,,,,,,,,,,,,,,
chocolate,french fries,strawberries,,,,,,,,,,,,,,,,,
turkey,frozen vegetables,avocado,cake,light cream,cooking oil,chicken,chocolate bread,mashed potato,,,,,,,,,,,
olive oil,energy bar,shallot,,,,,,,,,,,,,,,,,
turkey,shrimp,,,,,,,,,,,,,,,,,,
chocolate,spaghetti,champagne,yogurt cake,,,,,,,,,,,,,,,,
shrimp,mineral water,chocolate,avocado,butter,zucchini,green tea,,,,,,,,,,,,,
muffins,green tea,brownies,,,,,,,,,,,,,,,,,
yogurt cake,,,,,,,,,,,,,,,,,,,
turkey,tomato sauce,milk,butter,bacon,salmon,cooking oil,chocolate,french fries,hot dogs,melons,protein bar,mint,,,,,,,
grated cheese,,,,,,,,,,,,,,,,,,,
butter,burger sauce,brownies,pancakes,,,,,,,,,,,,,,,,
butter,pancakes,whole wheat rice,green tea,french fries,cookies,shallot,low fat yogurt,,,,,,,,,,,,
shrimp,chocolate,butter,cooking oil,escalope,,,,,,,,,,,,,,,
burgers,red wine,frozen vegetables,pepper,spaghetti,chocolate,milk,honey,whole wheat rice,cooking oil,cereals,,,,,,,,,
turkey,ground beef,spaghetti,pancakes,eggs,cake,chili,pet food,chocolate,,,,,,,,,,,
shrimp,milk,butter,chicken,salt,mayonnaise,green tea,,,,,,,,,,,,,
fresh tuna,mineral water,fromage blanc,honey,gums,chocolate,french fries,frozen smoothie,sparkling water,strawberries,green tea,,,,,,,,,
chocolate,cookies,,,,,,,,,,,,,,,,,,
sparkling water,light mayo,,,,,,,,,,,,,,,,,,
frozen vegetables,tomatoes,spaghetti,chicken,french fries,escalope,,,,,,,,,,,,,,
turkey,burgers,butter,vegetables mix,green grapes,pancakes,eggs,cake,barbecue sauce,green tea,,,,,,,,,,
red wine,shrimp,yams,eggs,burger sauce,yogurt cake,,,,,,,,,,,,,,
french fries,light mayo,,,,,,,,,,,,,,,,,,
burgers,ground beef,eggs,chocolate,champagne,zucchini,,,,,,,,,,,,,,
mushroom cream sauce,,,,,,,,,,,,,,,,,,,
butter,mint green tea,,,,,,,,,,,,,,,,,,
whole wheat rice,,,,,,,,,,,,,,,,,,,
gums,,,,,,,,,,,,,,,,,,,
mineral water,french fries,champagne,green tea,,,,,,,,,,,,,,,,
cereals,salt,green tea,,,,,,,,,,,,,,,,,
shrimp,spaghetti,chocolate,french fries,escalope,cookies,brownies,pancakes,melons,,,,,,,,,,,
ham,spaghetti,yams,chicken,cooking oil,chocolate,hot dogs,,,,,,,,,,,,,
eggs,,,,,,,,,,,,,,,,,,,
ground beef,olive oil,bug spray,frozen smoothie,hot dogs,,,,,,,,,,,,,,,
frozen vegetables,spaghetti,mineral water,soup,olive oil,escalope,,,,,,,,,,,,,,
whole wheat rice,oil,chicken,french fries,escalope,,,,,,,,,,,,,,,
green tea,,,,,,,,,,,,,,,,,,,
parmesan cheese,whole wheat rice,escalope,champagne,,,,,,,,,,,,,,,,
fresh tuna,frozen vegetables,chicken,fromage blanc,honey,light mayo,,,,,,,,,,,,,,
ground beef,,,,,,,,,,,,,,,,,,,
muffins,champagne,cookies,fresh bread,green tea,,,,,,,,,,,,,,,
frozen vegetables,spaghetti,chocolate,escalope,fresh bread,,,,,,,,,,,,,,,
pickles,spaghetti,french fries,frozen smoothie,,,,,,,,,,,,,,,,
avocado,,,,,,,,,,,,,,,,,,,
sandwich,,,,,,,,,,,,,,,,,,,
spaghetti,milk,oil,shampoo,,,,,,,,,,,,,,,,
champagne,,,,,,,,,,,,,,,,,,,
spaghetti,,,,,,,,,,,,,,,,,,,
champagne,,,,,,,,,,,,,,,,,,,
avocado,milk,butter,french fries,cookies,,,,,,,,,,,,,,,
turkey,frozen vegetables,chicken,eggs,frozen smoothie,cauliflower,low fat yogurt,,,,,,,,,,,,,
burgers,shrimp,tomatoes,milk,energy bar,almonds,chicken,chocolate,french fries,body spray,,,,,,,,,,
burgers,milk,cake,cooking oil,french fries,escalope,zucchini,,,,,,,,,,,,,
tomatoes,spaghetti,chocolate,milk,olive oil,whole wheat rice,cake,frozen smoothie,protein bar,,,,,,,,,,,
fresh tuna,red wine,pepper,spaghetti,fromage blanc,salmon,pancakes,eggs,honey,green tea,,,,,,,,,,
milk,low fat yogurt,,,,,,,,,,,,,,,,,,
shrimp,parmesan cheese,soup,chocolate,brownies,,,,,,,,,,,,,,,
spaghetti,chicken,,,,,,,,,,,,,,,,,,
grated cheese,vegetables mix,nonfat milk,green tea,,,,,,,,,,,,,,,,
fresh tuna,parmesan cheese,cider,muffins,spinach,honey,oil,,,,,,,,,,,,,
cake,,,,,,,,,,,,,,,,,,,
shrimp,chocolate,mushroom cream sauce,candy bars,,,,,,,,,,,,,,,,
candy bars,,,,,,,,,,,,,,,,,,,
avocado,honey,,,,,,,,,,,,,,,,,,
shrimp,frozen vegetables,tomatoes,cottage cheese,,,,,,,,,,,,,,,,
french fries,,,,,,,,,,,,,,,,,,,
strawberries,,,,,,,,,,,,,,,,,,,
ground beef,almonds,french fries,escalope,,,,,,,,,,,,,,,,
grated cheese,spaghetti,,,,,,,,,,,,,,,,,,
turkey,mineral water,butter,frozen smoothie,,,,,,,,,,,,,,,,
frozen vegetables,spaghetti,french fries,light mayo,green tea,,,,,,,,,,,,,,,
burgers,ham,spaghetti,whole wheat rice,eggplant,chocolate,cookies,shallot,green tea,,,,,,,,,,,
grated cheese,frozen vegetables,spaghetti,avocado,milk,blueberries,light cream,rice,green tea,chocolate,french fries,frozen smoothie,cookies,hot dogs,,,,,,
burgers,shrimp,tomatoes,bacon,whole wheat rice,green tea,,,,,,,,,,,,,,
parmesan cheese,pancakes,,,,,,,,,,,,,,,,,,
parmesan cheese,cake,hot dogs,green tea,,,,,,,,,,,,,,,,
spaghetti,milk,fromage blanc,ketchup,chocolate,babies food,,,,,,,,,,,,,,
mint,,,,,,,,,,,,,,,,,,,
chocolate,mint,,,,,,,,,,,,,,,,,,
butter,french fries,salt,fresh bread,,,,,,,,,,,,,,,,
chocolate,french fries,strawberries,yogurt cake,light mayo,,,,,,,,,,,,,,,
eggs,eggplant,cookies,,,,,,,,,,,,,,,,,
yogurt cake,,,,,,,,,,,,,,,,,,,
herb & pepper,spaghetti,meatballs,milk,olive oil,chicken,honey,frozen smoothie,escalope,pancakes,,,,,,,,,,
frozen vegetables,rice,chocolate,,,,,,,,,,,,,,,,,
herb & pepper,ground beef,spaghetti,chocolate,milk,eggs,light cream,,,,,,,,,,,,,
eggs,champagne,,,,,,,,,,,,,,,,,,
whole wheat pasta,ground beef,olive oil,blueberries,escalope,,,,,,,,,,,,,,,
burgers,red wine,mineral water,eggs,oil,carrots,hand protein bar,tomato juice,,,,,,,,,,,,
chocolate,grated cheese,herb & pepper,mineral water,soup,olive oil,,,,,,,,,,,,,,
burgers,shrimp,mineral water,chicken,fromage blanc,salmon,eggs,cake,frozen smoothie,strawberries,,,,,,,,,,
green tea,,,,,,,,,,,,,,,,,,,
cookies,,,,,,,,,,,,,,,,,,,
french fries,cookies,,,,,,,,,,,,,,,,,,
milk,butter,eggs,,,,,,,,,,,,,,,,,
eggs,mushroom cream sauce,low fat yogurt,,,,,,,,,,,,,,,,,
eggs,green tea,,,,,,,,,,,,,,,,,,
mineral water,whole wheat rice,,,,,,,,,,,,,,,,,,
shrimp,frozen vegetables,parmesan cheese,mineral water,whole wheat rice,cake,,,,,,,,,,,,,,
whole wheat rice,pancakes,,,,,,,,,,,,,,,,,,
frozen vegetables,spaghetti,olive oil,butter,salmon,oil,cooking oil,frozen smoothie,cauliflower,,,,,,,,,,,
green tea,,,,,,,,,,,,,,,,,,,
fresh tuna,eggs,escalope,strawberries,,,,,,,,,,,,,,,,
spaghetti,soup,milk,carrots,chocolate,,,,,,,,,,,,,,,
burgers,mineral water,soup,meatballs,olive oil,,,,,,,,,,,,,,,
grated cheese,mineral water,cooking oil,french fries,cookies,low fat yogurt,,,,,,,,,,,,,,
shrimp,milk,olive oil,french fries,,,,,,,,,,,,,,,,
frozen vegetables,mineral water,pancakes,cake,tomato juice,,,,,,,,,,,,,,,
spaghetti,milk,chicken,,,,,,,,,,,,,,,,,
grated cheese,mineral water,chicken,french fries,cottage cheese,pancakes,,,,,,,,,,,,,,
ground beef,mineral water,milk,eggs,mint,,,,,,,,,,,,,,,
shrimp,body spray,green tea,,,,,,,,,,,,,,,,,
frozen smoothie,,,,,,,,,,,,,,,,,,,
herb & pepper,frozen vegetables,mineral water,muffins,cereals,,,,,,,,,,,,,,,
turkey,tomatoes,spaghetti,milk,cider,eggs,honey,cake,green tea,french fries,brownies,tomato juice,,,,,,,,