shrimp,almonds,avocado,vegetables mix,green grapes,whole weat flour,yams,cottage cheese,energy drink,tomato juice,low fat yogurt,green tea,honey,salad,mineral water,salmon,antioxydant juice,frozen smoothie,spinach,olive oil
burgers,meatballs,eggs,,,,,,,,,,,,,,,,,
chutney,,,,,,,,,,,,,,,,,,,
turkey,avocado,,,,,,,,,,,,,,,,,,
mineral water,milk,energy bar,whole wheat rice,green tea,,,,,,,,,,,,,,,
low fat yogurt,,,,,,,,,,,,,,,,,,,
whole wheat pasta,french fries,,,,,,,,,,,,,,,,,,
soup,light cream,shallot,,,,,,,,,,,,,,,,,
frozen vegetables,spaghetti,green tea,,,,,,,,,,,,,,,,,
french fries,,,,,,,,,,,,,,,,,,,